Waiting time,Processing time
0.00010061264038085938,0.15133929252624512
7.796287536621094e-05,0.12252020835876465
9.870529174804688e-05,0.12868523597717285
